[{"group": 1, "name": "A2M", "rank": 1.0}, {"group": 1, "name": "ETV5", "rank": 0.99765807962529274}, {"group": 1, "name": "A2M", "rank": 0.99531615925058547}, {"group": 1, "name": "A2M", "rank": 0.99297423887587821}, {"group": 1, "name": "ETV5", "rank": 0.99063231850117095}, {"group": 1, "name": "A2M", "rank": 0.98829039812646369}, {"group": 1, "name": "MYBL2", "rank": 0.98594847775175642}, {"group": 1, "name": "TXNL4B", "rank": 0.98360655737704916}, {"group": 1, "name": "CASP4", "rank": 0.9812646370023419}, {"group": 1, "name": "ETV5", "rank": 0.97892271662763464}, {"group": 1, "name": "FDX1", "rank": 0.97658079625292737}, {"group": 1, "name": "NUDT9", "rank": 0.97423887587822011}, {"group": 1, "name": "FDX1", "rank": 0.97189695550351285}, {"group": 1, "name": "TXNL4B", "rank": 0.96955503512880559}, {"group": 1, "name": "VPS28", "rank": 0.96721311475409832}, {"group": 1, "name": "ATP1B1", "rank": 0.96487119437939106}, {"group": 1, "name": "ETV5", "rank": 0.9625292740046838}, {"group": 1, "name": "VPS28", "rank": 0.96018735362997654}, {"group": 1, "name": "BDH1", "rank": 0.95784543325526927}, {"group": 1, "name": "ALAD", "rank": 0.95550351288056201}, {"group": 1, "name": "HLA-DQB1", "rank": 0.95316159250585475}, {"group": 1, "name": "PMM2", "rank": 0.95081967213114749}, {"group": 1, "name": "CASC3", "rank": 0.94847775175644033}, {"group": 1, "name": "CASP4", "rank": 0.94613583138173307}, {"group": 1, "name": "PAPD7", "rank": 0.94379391100702581}, {"group": 1, "name": "PDHX", "rank": 0.94145199063231855}, {"group": 1, "name": "ABCA1", "rank": 0.93911007025761128}, {"group": 1, "name": "ELAVL1", "rank": 0.93676814988290402}, {"group": 1, "name": "CDC42", "rank": 0.93442622950819676}, {"group": 1, "name": "MYBL2", "rank": 0.9320843091334895}, {"group": 1, "name": "EZH2", "rank": 0.92974238875878223}, {"group": 1, "name": "STAT6", "rank": 0.92740046838407497}, {"group": 1, "name": "BIRC5", "rank": 0.92505854800936771}, {"group": 1, "name": "SPR", "rank": 0.92271662763466045}, {"group": 1, "name": "A2M", "rank": 0.92037470725995318}, {"group": 1, "name": "PDHX", "rank": 0.91803278688524592}, {"group": 1, "name": "CRKL", "rank": 0.91569086651053866}, {"group": 1, "name": "FBXL12", "rank": 0.9133489461358314}, {"group": 1, "name": "CRKL", "rank": 0.91100702576112413}, {"group": 1, "name": "IQGAP1", "rank": 0.90866510538641687}, {"group": 1, "name": "SENP6", "rank": 0.90632318501170961}, {"group": 1, "name": "DDX42", "rank": 0.90398126463700235}, {"group": 1, "name": "DDX49", "rank": 0.90163934426229508}, {"group": 1, "name": "SLC35B1", "rank": 0.89929742388758782}, {"group": 1, "name": "HDAC6", "rank": 0.89695550351288056}, {"group": 1, "name": "MDH2", "rank": 0.8946135831381733}, {"group": 1, "name": "BDH1", "rank": 0.89227166276346603}, {"group": 1, "name": "MTA1", "rank": 0.88992974238875877}, {"group": 1, "name": "HADH", "rank": 0.88758782201405151}, {"group": 1, "name": "CASP4", "rank": 0.88524590163934425}, {"group": 1, "name": "DCK", "rank": 0.88290398126463698}, {"group": 1, "name": "AKAP8", "rank": 0.88056206088992972}, {"group": 1, "name": "KDM5A", "rank": 0.87822014051522246}, {"group": 1, "name": "PUF60", "rank": 0.8758782201405152}, {"group": 1, "name": "ABCA1", "rank": 0.87353629976580793}, {"group": 1, "name": "CIRBP", "rank": 0.87119437939110067}, {"group": 1, "name": "ETV5", "rank": 0.86885245901639341}, {"group": 1, "name": "PAPD7", "rank": 0.86651053864168615}, {"group": 1, "name": "POLG2", "rank": 0.86416861826697888}, {"group": 1, "name": "VPS28", "rank": 0.86182669789227162}, {"group": 1, "name": "ZNF444", "rank": 0.85948477751756436}, {"group": 1, "name": "TRIB1", "rank": 0.8571428571428571}, {"group": 1, "name": "KRT19", "rank": 0.85480093676814983}, {"group": 1, "name": "CHERP", "rank": 0.85245901639344257}, {"group": 1, "name": "MXD4", "rank": 0.85011709601873531}, {"group": 1, "name": "ACLY", "rank": 0.84777517564402816}, {"group": 1, "name": "PAPD7", "rank": 0.84543325526932089}, {"group": 1, "name": "ZNF582", "rank": 0.84309133489461363}, {"group": 1, "name": "GPR56", "rank": 0.84074941451990637}, {"group": 1, "name": "TOLLIP", "rank": 0.83840749414519911}, {"group": 1, "name": "EZH2", "rank": 0.83606557377049184}, {"group": 1, "name": "PFKL", "rank": 0.83372365339578458}, {"group": 1, "name": "USP14", "rank": 0.83138173302107732}, {"group": 1, "name": "AKAP8", "rank": 0.82903981264637006}, {"group": 1, "name": "SLC35A3", "rank": 0.82669789227166279}, {"group": 1, "name": "FDX1", "rank": 0.82435597189695553}, {"group": 1, "name": "HOXA6", "rank": 0.82201405152224827}, {"group": 1, "name": "NR2F6", "rank": 0.81967213114754101}, {"group": 1, "name": "ZFX", "rank": 0.81733021077283374}, {"group": 1, "name": "IKBKAP", "rank": 0.81498829039812648}, {"group": 1, "name": "LAMTOR3", "rank": 0.81264637002341922}, {"group": 1, "name": "OGDH", "rank": 0.81030444964871196}, {"group": 1, "name": "STAT1", "rank": 0.80796252927400469}, {"group": 1, "name": "JAZF1", "rank": 0.80562060889929743}, {"group": 1, "name": "KAT6B", "rank": 0.80327868852459017}, {"group": 1, "name": "PTPN6", "rank": 0.80093676814988291}, {"group": 1, "name": "EPCAM", "rank": 0.79859484777517564}, {"group": 1, "name": "NDUFB2", "rank": 0.79625292740046838}, {"group": 1, "name": "ZNF444", "rank": 0.79391100702576112}, {"group": 1, "name": "GPR56", "rank": 0.79156908665105385}, {"group": 1, "name": "BCL2", "rank": 0.78922716627634659}, {"group": 1, "name": "PMM2", "rank": 0.78688524590163933}, {"group": 1, "name": "EPHB2", "rank": 0.78454332552693207}, {"group": 1, "name": "IPO4", "rank": 0.7822014051522248}, {"group": 1, "name": "lacZ", "rank": 0.77985948477751754}, {"group": 1, "name": "STAT6", "rank": 0.77751756440281028}, {"group": 1, "name": "DHX29", "rank": 0.77517564402810302}, {"group": 1, "name": "CASP4", "rank": 0.77283372365339575}, {"group": 1, "name": "BCL7B", "rank": 0.77049180327868849}, {"group": 1, "name": "ASH2L", "rank": 0.76814988290398123}, {"group": 1, "name": "STAT1", "rank": 0.76580796252927397}, {"group": 1, "name": "LPAR5", "rank": 0.7634660421545667}, {"group": 1, "name": "FAH", "rank": 0.76112412177985944}, {"group": 1, "name": "HLA-DQB1", "rank": 0.75878220140515218}, {"group": 1, "name": "CASC3", "rank": 0.75644028103044492}, {"group": 1, "name": "GPR56", "rank": 0.75409836065573765}, {"group": 1, "name": "IKBKE", "rank": 0.75175644028103039}, {"group": 1, "name": "PHGDH", "rank": 0.74941451990632324}, {"group": 1, "name": "CREB3L2", "rank": 0.74707259953161598}, {"group": 1, "name": "BIRC5", "rank": 0.74473067915690871}, {"group": 1, "name": "AKAP8", "rank": 0.74238875878220145}, {"group": 1, "name": "EMR1", "rank": 0.74004683840749419}, {"group": 1, "name": "PAF1", "rank": 0.73770491803278693}, {"group": 1, "name": "ESPL1", "rank": 0.73536299765807966}, {"group": 1, "name": "ALDH7A1", "rank": 0.7330210772833724}, {"group": 1, "name": "IKBKAP", "rank": 0.73067915690866514}, {"group": 1, "name": "HLA-DQB1", "rank": 0.72833723653395788}, {"group": 1, "name": "APOC2", "rank": 0.72599531615925061}, {"group": 1, "name": "ALAD", "rank": 0.72365339578454335}, {"group": 1, "name": "ITCH", "rank": 0.72131147540983609}, {"group": 1, "name": "CASP4", "rank": 0.71896955503512883}, {"group": 1, "name": "QRSL1", "rank": 0.71662763466042156}, {"group": 1, "name": "EPCAM", "rank": 0.7142857142857143}, {"group": 1, "name": "ZBTB49", "rank": 0.71194379391100704}, {"group": 1, "name": "DDX49", "rank": 0.70960187353629978}, {"group": 1, "name": "TRIB1", "rank": 0.70725995316159251}, {"group": 1, "name": "OGDH", "rank": 0.70491803278688525}, {"group": 1, "name": "IQGAP1", "rank": 0.70257611241217799}, {"group": 1, "name": "UBQLN2", "rank": 0.70023419203747073}, {"group": 1, "name": "ASF1B", "rank": 0.69789227166276346}, {"group": 1, "name": "ZNF787", "rank": 0.6955503512880562}, {"group": 1, "name": "SRSF8", "rank": 0.69320843091334894}, {"group": 1, "name": "ID2", "rank": 0.69086651053864168}, {"group": 1, "name": "MASTL", "rank": 0.68852459016393441}, {"group": 1, "name": "CAT", "rank": 0.68618266978922715}, {"group": 1, "name": "EPHB2", "rank": 0.68384074941451989}, {"group": 1, "name": "RAD9A", "rank": 0.68149882903981263}, {"group": 1, "name": "ACSL1", "rank": 0.67915690866510536}, {"group": 1, "name": "MDH2", "rank": 0.6768149882903981}, {"group": 1, "name": "SLC25A4", "rank": 0.67447306791569084}, {"group": 1, "name": "DHX29", "rank": 0.67213114754098358}, {"group": 1, "name": "PAPD7", "rank": 0.66978922716627631}, {"group": 1, "name": "GOT2", "rank": 0.66744730679156905}, {"group": 1, "name": "EBNA1BP2", "rank": 0.66510538641686179}, {"group": 1, "name": "SUPV3L1", "rank": 0.66276346604215453}, {"group": 1, "name": "IRAK4", "rank": 0.66042154566744726}, {"group": 1, "name": "NFKB2", "rank": 0.65807962529274}, {"group": 1, "name": "CASC3", "rank": 0.65573770491803274}, {"group": 1, "name": "RAD9A", "rank": 0.65339578454332548}, {"group": 1, "name": "FOXJ3", "rank": 0.65105386416861821}, {"group": 1, "name": "IGF2R", "rank": 0.64871194379391106}, {"group": 1, "name": "PDS5B", "rank": 0.6463700234192038}, {"group": 1, "name": "APOA2", "rank": 0.64402810304449654}, {"group": 1, "name": "RGS19", "rank": 0.64168618266978927}, {"group": 1, "name": "SDHB", "rank": 0.63934426229508201}, {"group": 1, "name": "STAT1", "rank": 0.63700234192037475}, {"group": 1, "name": "DDX49", "rank": 0.63466042154566749}, {"group": 1, "name": "GPR56", "rank": 0.63231850117096022}, {"group": 1, "name": "ABCA1", "rank": 0.62997658079625296}, {"group": 1, "name": "BCL2", "rank": 0.6276346604215457}, {"group": 1, "name": "GOT2", "rank": 0.62529274004683844}, {"group": 1, "name": "DLD", "rank": 0.62295081967213117}, {"group": 1, "name": "DLD", "rank": 0.62060889929742391}, {"group": 1, "name": "HERPUD1", "rank": 0.61826697892271665}, {"group": 1, "name": "MTA3", "rank": 0.61592505854800939}, {"group": 1, "name": "AFF1", "rank": 0.61358313817330212}, {"group": 1, "name": "DDX49", "rank": 0.61124121779859486}, {"group": 1, "name": "OGDH", "rank": 0.6088992974238876}, {"group": 1, "name": "ENOPH1", "rank": 0.60655737704918034}, {"group": 1, "name": "WRN", "rank": 0.60421545667447307}, {"group": 1, "name": "UAP1", "rank": 0.60187353629976581}, {"group": 1, "name": "ENOPH1", "rank": 0.59953161592505855}, {"group": 1, "name": "GNG5", "rank": 0.59718969555035128}, {"group": 1, "name": "BCL2", "rank": 0.59484777517564402}, {"group": 1, "name": "CDC25C", "rank": 0.59250585480093676}, {"group": 1, "name": "ID2", "rank": 0.5901639344262295}, {"group": 1, "name": "PTPN6", "rank": 0.58782201405152223}, {"group": 1, "name": "CREG1", "rank": 0.58548009367681497}, {"group": 1, "name": "CLTB", "rank": 0.58313817330210771}, {"group": 1, "name": "FBXL12", "rank": 0.58079625292740045}, {"group": 1, "name": "PARG", "rank": 0.57845433255269318}, {"group": 1, "name": "SLC1A4", "rank": 0.57611241217798592}, {"group": 1, "name": "ASL", "rank": 0.57377049180327866}, {"group": 1, "name": "RGS2", "rank": 0.5714285714285714}, {"group": 1, "name": "TRAPPC3", "rank": 0.56908665105386413}, {"group": 1, "name": "HLA-DRB1", "rank": 0.56674473067915687}, {"group": 1, "name": "GTF2E2", "rank": 0.56440281030444961}, {"group": 1, "name": "IRAK4", "rank": 0.56206088992974235}, {"group": 1, "name": "GPR56", "rank": 0.55971896955503508}, {"group": 1, "name": "SRF", "rank": 0.55737704918032782}, {"group": 1, "name": "SP140L", "rank": 0.55503512880562056}, {"group": 1, "name": "PTK2", "rank": 0.5526932084309133}, {"group": 1, "name": "PTPN12", "rank": 0.55035128805620603}, {"group": 1, "name": "lacZ", "rank": 0.54800936768149888}, {"group": 1, "name": "ERBB2", "rank": 0.54566744730679162}, {"group": 1, "name": "MTHFD2", "rank": 0.54332552693208436}, {"group": 1, "name": "ASL", "rank": 0.54098360655737709}, {"group": 1, "name": "STAT6", "rank": 0.53864168618266983}, {"group": 1, "name": "PDHX", "rank": 0.53629976580796257}, {"group": 1, "name": "MDH2", "rank": 0.53395784543325531}, {"group": 1, "name": "PUF60", "rank": 0.53161592505854804}, {"group": 1, "name": "XPR1", "rank": 0.52927400468384078}, {"group": 1, "name": "POU5F1", "rank": 0.52693208430913352}, {"group": 1, "name": "NCOA3", "rank": 0.52459016393442626}, {"group": 1, "name": "CCNC", "rank": 0.52224824355971899}, {"group": 1, "name": "ZNF434", "rank": 0.51990632318501173}, {"group": 1, "name": "HOXC10", "rank": 0.51756440281030447}, {"group": 1, "name": "DLD", "rank": 0.51522248243559721}, {"group": 1, "name": "SMU1", "rank": 0.51288056206088994}, {"group": 1, "name": "STAT1", "rank": 0.51053864168618268}, {"group": 1, "name": "ETV5", "rank": 0.50819672131147542}, {"group": 1, "name": "SOX3", "rank": 0.50585480093676816}, {"group": 1, "name": "HDAC6", "rank": 0.50351288056206089}, {"group": 1, "name": "UAP1", "rank": 0.50117096018735363}, {"group": 1, "name": "DDB1", "rank": 0.49882903981264637}, {"group": 1, "name": "MDH2", "rank": 0.49648711943793911}, {"group": 1, "name": "NR3C1", "rank": 0.49414519906323184}, {"group": 1, "name": "PAF1", "rank": 0.49180327868852458}, {"group": 1, "name": "SRSF8", "rank": 0.48946135831381732}, {"group": 1, "name": "STAMBP", "rank": 0.48711943793911006}, {"group": 1, "name": "TNFRSF13C", "rank": 0.48477751756440279}, {"group": 1, "name": "DUSP22", "rank": 0.48243559718969553}, {"group": 1, "name": "HERPUD1", "rank": 0.48009367681498827}, {"group": 1, "name": "IGF2R", "rank": 0.47775175644028101}, {"group": 1, "name": "MBNL1", "rank": 0.47540983606557374}, {"group": 1, "name": "IKBKAP", "rank": 0.47306791569086654}, {"group": 1, "name": "CASP4", "rank": 0.47072599531615927}, {"group": 1, "name": "ATP1B1", "rank": 0.46838407494145201}, {"group": 1, "name": "SLC35A3", "rank": 0.46604215456674475}, {"group": 1, "name": "PAF1", "rank": 0.46370023419203749}, {"group": 1, "name": "CAND2", "rank": 0.46135831381733022}, {"group": 1, "name": "PPAT", "rank": 0.45901639344262296}, {"group": 1, "name": "PDS5B", "rank": 0.4566744730679157}, {"group": 1, "name": "STAT3", "rank": 0.45433255269320844}, {"group": 1, "name": "SPR", "rank": 0.45199063231850117}, {"group": 1, "name": "CASC3", "rank": 0.44964871194379391}, {"group": 1, "name": "SCYL3", "rank": 0.44730679156908665}, {"group": 1, "name": "SLC25A4", "rank": 0.44496487119437939}, {"group": 1, "name": "SUPV3L1", "rank": 0.44262295081967212}, {"group": 1, "name": "TERF2IP", "rank": 0.44028103044496486}, {"group": 1, "name": "UVRAG", "rank": 0.4379391100702576}, {"group": 1, "name": "CA12", "rank": 0.43559718969555034}, {"group": 1, "name": "SUPV3L1", "rank": 0.43325526932084307}, {"group": 1, "name": "CBR3", "rank": 0.43091334894613581}, {"group": 1, "name": "AKAP8", "rank": 0.42857142857142855}, {"group": 1, "name": "TRIM2", "rank": 0.42622950819672129}, {"group": 1, "name": "ZBTB49", "rank": 0.42388758782201408}, {"group": 1, "name": "APOC2", "rank": 0.42154566744730682}, {"group": 1, "name": "ZNF582", "rank": 0.41920374707259955}, {"group": 1, "name": "TOLLIP", "rank": 0.41686182669789229}, {"group": 1, "name": "PNKP", "rank": 0.41451990632318503}, {"group": 1, "name": "UAP1", "rank": 0.41217798594847777}, {"group": 1, "name": "AKR7A2", "rank": 0.4098360655737705}, {"group": 1, "name": "TOX2", "rank": 0.40749414519906324}, {"group": 1, "name": "MTHFD2", "rank": 0.40515222482435598}, {"group": 1, "name": "FRAT1", "rank": 0.40281030444964872}, {"group": 1, "name": "UBQLN2", "rank": 0.40046838407494145}, {"group": 1, "name": "FOXJ3", "rank": 0.39812646370023419}, {"group": 1, "name": "KDM5A", "rank": 0.39578454332552693}, {"group": 1, "name": "PNKP", "rank": 0.39344262295081966}, {"group": 1, "name": "RGS2", "rank": 0.3911007025761124}, {"group": 1, "name": "EZH2", "rank": 0.38875878220140514}, {"group": 1, "name": "ANPEP", "rank": 0.38641686182669788}, {"group": 1, "name": "lacZ", "rank": 0.38407494145199061}, {"group": 1, "name": "ATP1B1", "rank": 0.38173302107728335}, {"group": 1, "name": "CHN1", "rank": 0.37939110070257609}, {"group": 1, "name": "ASCC3", "rank": 0.37704918032786883}, {"group": 1, "name": "LOXL1", "rank": 0.37470725995316162}, {"group": 1, "name": "PTPN6", "rank": 0.37236533957845436}, {"group": 1, "name": "IGF2R", "rank": 0.37002341920374709}, {"group": 1, "name": "DHRS7", "rank": 0.36768149882903983}, {"group": 1, "name": "AKR7A2", "rank": 0.36533957845433257}, {"group": 1, "name": "DDX49", "rank": 0.36299765807962531}, {"group": 1, "name": "TOX2", "rank": 0.36065573770491804}, {"group": 1, "name": "SMARCA4", "rank": 0.35831381733021078}, {"group": 1, "name": "ALDH7A1", "rank": 0.35597189695550352}, {"group": 1, "name": "HLA-DQB1", "rank": 0.35362997658079626}, {"group": 1, "name": "STAT1", "rank": 0.35128805620608899}, {"group": 1, "name": "PMS2P3", "rank": 0.34894613583138173}, {"group": 1, "name": "RGS2", "rank": 0.34660421545667447}, {"group": 1, "name": "ETS2", "rank": 0.34426229508196721}, {"group": 1, "name": "GOT2", "rank": 0.34192037470725994}, {"group": 1, "name": "TTF1", "rank": 0.33957845433255268}, {"group": 1, "name": "ARPC3", "rank": 0.33723653395784542}, {"group": 1, "name": "BLVRA", "rank": 0.33489461358313816}, {"group": 1, "name": "RGS2", "rank": 0.33255269320843089}, {"group": 1, "name": "GATA2", "rank": 0.33021077283372363}, {"group": 1, "name": "FKBP5", "rank": 0.32786885245901637}, {"group": 1, "name": "LAMTOR3", "rank": 0.32552693208430911}, {"group": 1, "name": "IL1RAP", "rank": 0.3231850117096019}, {"group": 1, "name": "CCNC", "rank": 0.32084309133489464}, {"group": 1, "name": "LUCIFERASE", "rank": 0.31850117096018737}, {"group": 1, "name": "CIRBP", "rank": 0.31615925058548011}, {"group": 1, "name": "GNPDA1", "rank": 0.31381733021077285}, {"group": 1, "name": "STAMBP", "rank": 0.31147540983606559}, {"group": 1, "name": "SPR", "rank": 0.30913348946135832}, {"group": 1, "name": "CREG1", "rank": 0.30679156908665106}, {"group": 1, "name": "SP140L", "rank": 0.3044496487119438}, {"group": 1, "name": "ALMS1", "rank": 0.30210772833723654}, {"group": 1, "name": "ITCH", "rank": 0.29976580796252927}, {"group": 1, "name": "ACLY", "rank": 0.29742388758782201}, {"group": 1, "name": "MTHFD2", "rank": 0.29508196721311475}, {"group": 1, "name": "STAT1", "rank": 0.29274004683840749}, {"group": 1, "name": "NR3C1", "rank": 0.29039812646370022}, {"group": 1, "name": "ALDH7A1", "rank": 0.28805620608899296}, {"group": 1, "name": "RBBP6", "rank": 0.2857142857142857}, {"group": 1, "name": "EPHB2", "rank": 0.28337236533957844}, {"group": 1, "name": "LOXL1", "rank": 0.28103044496487117}, {"group": 1, "name": "MDH2", "rank": 0.27868852459016391}, {"group": 1, "name": "MDH2", "rank": 0.27634660421545665}, {"group": 1, "name": "PMM2", "rank": 0.27400468384074944}, {"group": 1, "name": "PNKP", "rank": 0.27166276346604218}, {"group": 1, "name": "CASP4", "rank": 0.26932084309133492}, {"group": 1, "name": "IKBKAP", "rank": 0.26697892271662765}, {"group": 1, "name": "TSTA3", "rank": 0.26463700234192039}, {"group": 1, "name": "CASP4", "rank": 0.26229508196721313}, {"group": 1, "name": "QRSL1", "rank": 0.25995316159250587}, {"group": 1, "name": "GRN", "rank": 0.2576112412177986}, {"group": 1, "name": "FTSJ1", "rank": 0.25526932084309134}, {"group": 1, "name": "ADCK3", "rank": 0.25292740046838408}, {"group": 1, "name": "MYBL2", "rank": 0.25058548009367682}, {"group": 1, "name": "EPCAM", "rank": 0.24824355971896955}, {"group": 1, "name": "NDUFB2", "rank": 0.24590163934426229}, {"group": 1, "name": "ELAC2", "rank": 0.24355971896955503}, {"group": 1, "name": "ADAT1", "rank": 0.24121779859484777}, {"group": 1, "name": "JAZF1", "rank": 0.2388758782201405}, {"group": 1, "name": "SLC35B1", "rank": 0.23653395784543327}, {"group": 1, "name": "UBE2L6", "rank": 0.23419203747072601}, {"group": 1, "name": "PFKL", "rank": 0.23185011709601874}, {"group": 1, "name": "TRIM13", "rank": 0.22950819672131148}, {"group": 1, "name": "EPHB2", "rank": 0.22716627634660422}, {"group": 1, "name": "DUSP22", "rank": 0.22482435597189696}, {"group": 1, "name": "ABCA1", "rank": 0.22248243559718969}, {"group": 1, "name": "lacZ", "rank": 0.22014051522248243}, {"group": 1, "name": "VPS28", "rank": 0.21779859484777517}, {"group": 1, "name": "LRP4", "rank": 0.21545667447306791}, {"group": 1, "name": "PHGDH", "rank": 0.21311475409836064}, {"group": 1, "name": "RGS19", "rank": 0.21077283372365341}, {"group": 1, "name": "TXNL4B", "rank": 0.20843091334894615}, {"group": 1, "name": "PPP3CA", "rank": 0.20608899297423888}, {"group": 1, "name": "ARHGEF7", "rank": 0.20374707259953162}, {"group": 1, "name": "ZNF787", "rank": 0.20140515222482436}, {"group": 1, "name": "UBQLN2", "rank": 0.19906323185011709}, {"group": 1, "name": "SMARCA4", "rank": 0.19672131147540983}, {"group": 1, "name": "GNG5", "rank": 0.19437939110070257}, {"group": 1, "name": "TMED10", "rank": 0.19203747072599531}, {"group": 1, "name": "ABCA1", "rank": 0.18969555035128804}, {"group": 1, "name": "CDC42", "rank": 0.18735362997658081}, {"group": 1, "name": "FBXL12", "rank": 0.18501170960187355}, {"group": 1, "name": "SMU1", "rank": 0.18266978922716628}, {"group": 1, "name": "USP14", "rank": 0.18032786885245902}, {"group": 1, "name": "CIRBP", "rank": 0.17798594847775176}, {"group": 1, "name": "NFRKB", "rank": 0.1756440281030445}, {"group": 1, "name": "KSR2", "rank": 0.17330210772833723}, {"group": 1, "name": "UBQLN2", "rank": 0.17096018735362997}, {"group": 1, "name": "LRP4", "rank": 0.16861826697892271}, {"group": 1, "name": "DTNA", "rank": 0.16627634660421545}, {"group": 1, "name": "ETV5", "rank": 0.16393442622950818}, {"group": 1, "name": "KIT", "rank": 0.16159250585480095}, {"group": 1, "name": "ALMS1", "rank": 0.15925058548009369}, {"group": 1, "name": "LAMTOR3", "rank": 0.15690866510538642}, {"group": 1, "name": "DTNA", "rank": 0.15456674473067916}, {"group": 1, "name": "TNFRSF13C", "rank": 0.1522248243559719}, {"group": 1, "name": "PJA1", "rank": 0.14988290398126464}, {"group": 1, "name": "EMR1", "rank": 0.14754098360655737}, {"group": 1, "name": "lacZ", "rank": 0.14519906323185011}, {"group": 1, "name": "PAF1", "rank": 0.14285714285714285}, {"group": 1, "name": "PMM2", "rank": 0.14051522248243559}, {"group": 1, "name": "HOXA6", "rank": 0.13817330210772832}, {"group": 1, "name": "RGS2", "rank": 0.13583138173302109}, {"group": 1, "name": "UBQLN2", "rank": 0.13348946135831383}, {"group": 1, "name": "UGDH", "rank": 0.13114754098360656}, {"group": 1, "name": "CCBL1", "rank": 0.1288056206088993}, {"group": 1, "name": "NDUFB2", "rank": 0.12646370023419204}, {"group": 1, "name": "DDX49", "rank": 0.12412177985948478}, {"group": 1, "name": "MDH2", "rank": 0.12177985948477751}, {"group": 1, "name": "ADAT1", "rank": 0.11943793911007025}, {"group": 1, "name": "DCK", "rank": 0.117096018735363}, {"group": 1, "name": "PMM2", "rank": 0.11475409836065574}, {"group": 1, "name": "LAMTOR3", "rank": 0.11241217798594848}, {"group": 1, "name": "ELAVL1", "rank": 0.11007025761124122}, {"group": 1, "name": "DTNA", "rank": 0.10772833723653395}, {"group": 1, "name": "CLCN3", "rank": 0.1053864168618267}, {"group": 1, "name": "PRSS23", "rank": 0.10304449648711944}, {"group": 1, "name": "MLL3", "rank": 0.10070257611241218}, {"group": 1, "name": "RPA2", "rank": 0.098360655737704916}, {"group": 1, "name": "ETV5", "rank": 0.096018735362997654}, {"group": 1, "name": "SLC25A14", "rank": 0.093676814988290405}, {"group": 1, "name": "MAPKAPK5", "rank": 0.091334894613583142}, {"group": 1, "name": "ID2", "rank": 0.08899297423887588}, {"group": 1, "name": "PTK2", "rank": 0.086651053864168617}, {"group": 1, "name": "SLC25A14", "rank": 0.084309133489461355}, {"group": 1, "name": "EMR1", "rank": 0.081967213114754092}, {"group": 1, "name": "IKBKAP", "rank": 0.079625292740046844}, {"group": 1, "name": "PTK2", "rank": 0.077283372365339581}, {"group": 1, "name": "STAT6", "rank": 0.074941451990632318}, {"group": 1, "name": "SLC2A6", "rank": 0.072599531615925056}, {"group": 1, "name": "EMR1", "rank": 0.070257611241217793}, {"group": 1, "name": "GATA2", "rank": 0.067915690866510545}, {"group": 1, "name": "SCYL3", "rank": 0.065573770491803282}, {"group": 1, "name": "AKR1A1", "rank": 0.06323185011709602}, {"group": 1, "name": "GNG5", "rank": 0.060889929742388757}, {"group": 1, "name": "OPN5", "rank": 0.058548009367681501}, {"group": 1, "name": "GNA15", "rank": 0.056206088992974239}, {"group": 1, "name": "COL4A5", "rank": 0.053864168618266976}, {"group": 1, "name": "GNA15", "rank": 0.051522248243559721}, {"group": 1, "name": "CASP4", "rank": 0.049180327868852458}, {"group": 1, "name": "MASTL", "rank": 0.046838407494145202}, {"group": 1, "name": "HLA-DRB5", "rank": 0.04449648711943794}, {"group": 1, "name": "KAT6B", "rank": 0.042154566744730677}, {"group": 1, "name": "NR3C1", "rank": 0.039812646370023422}, {"group": 1, "name": "DLD", "rank": 0.037470725995316159}, {"group": 1, "name": "CLCN3", "rank": 0.035128805620608897}, {"group": 1, "name": "ECH1", "rank": 0.032786885245901641}, {"group": 1, "name": "DMTF1", "rank": 0.030444964871194378}, {"group": 1, "name": "CHN1", "rank": 0.028103044496487119}, {"group": 1, "name": "EPHB2", "rank": 0.02576112412177986}, {"group": 1, "name": "FGFR2", "rank": 0.023419203747072601}, {"group": 1, "name": "IRAK4", "rank": 0.021077283372365339}, {"group": 1, "name": "STAT1", "rank": 0.01873536299765808}, {"group": 1, "name": "FRAT1", "rank": 0.016393442622950821}, {"group": 1, "name": "TOMM22", "rank": 0.01405152224824356}, {"group": 1, "name": "GRN", "rank": 0.011709601873536301}, {"group": 1, "name": "PPP2R5A", "rank": 0.0093676814988290398}, {"group": 1, "name": "HERPUD1", "rank": 0.0070257611241217799}, {"group": 1, "name": "MTHFD2", "rank": 0.0046838407494145199}, {"group": 1, "name": "ALMS1", "rank": 0.00234192037470726}]