[{"color": "blue", "source": 0, "target": 2, "value": 40}, {"color": "blue", "source": 0, "target": 3, "value": 40}, {"color": "blue", "source": 0, "target": 5, "value": 40}, {"color": "blue", "source": 0, "target": 34, "value": 40}, {"color": "blue", "source": 1, "target": 4, "value": 40}, {"color": "blue", "source": 1, "target": 9, "value": 40}, {"color": "blue", "source": 1, "target": 16, "value": 40}, {"color": "blue", "source": 1, "target": 56, "value": 40}, {"color": "blue", "source": 1, "target": 210, "value": 40}, {"color": "blue", "source": 1, "target": 357, "value": 40}, {"color": "blue", "source": 1, "target": 386, "value": 40}, {"color": "blue", "source": 2, "target": 3, "value": 40}, {"color": "blue", "source": 2, "target": 5, "value": 40}, {"color": "blue", "source": 2, "target": 34, "value": 40}, {"color": "blue", "source": 3, "target": 5, "value": 40}, {"color": "blue", "source": 3, "target": 34, "value": 40}, {"color": "blue", "source": 4, "target": 9, "value": 40}, {"color": "blue", "source": 4, "target": 16, "value": 40}, {"color": "blue", "source": 4, "target": 56, "value": 40}, {"color": "blue", "source": 4, "target": 210, "value": 40}, {"color": "blue", "source": 4, "target": 357, "value": 40}, {"color": "blue", "source": 4, "target": 386, "value": 40}, {"color": "blue", "source": 5, "target": 34, "value": 40}, {"color": "blue", "source": 6, "target": 29, "value": 40}, {"color": "blue", "source": 6, "target": 320, "value": 40}, {"color": "blue", "source": 7, "target": 13, "value": 40}, {"color": "blue", "source": 7, "target": 338, "value": 40}, {"color": "blue", "source": 8, "target": 23, "value": 40}, {"color": "blue", "source": 8, "target": 49, "value": 40}, {"color": "blue", "source": 8, "target": 97, "value": 40}, {"color": "blue", "source": 8, "target": 120, "value": 40}, {"color": "blue", "source": 8, "target": 226, "value": 40}, {"color": "blue", "source": 8, "target": 312, "value": 40}, {"color": "blue", "source": 8, "target": 315, "value": 40}, {"color": "blue", "source": 8, "target": 406, "value": 40}, {"color": "blue", "source": 9, "target": 16, "value": 40}, {"color": "blue", "source": 9, "target": 56, "value": 40}, {"color": "blue", "source": 9, "target": 210, "value": 40}, {"color": "blue", "source": 9, "target": 357, "value": 40}, {"color": "blue", "source": 9, "target": 386, "value": 40}, {"color": "blue", "source": 10, "target": 12, "value": 40}, {"color": "blue", "source": 10, "target": 75, "value": 40}, {"color": "blue", "source": 12, "target": 75, "value": 40}, {"color": "blue", "source": 13, "target": 338, "value": 40}, {"color": "blue", "source": 14, "target": 17, "value": 40}, {"color": "blue", "source": 14, "target": 59, "value": 40}, {"color": "blue", "source": 14, "target": 334, "value": 40}, {"color": "blue", "source": 15, "target": 227, "value": 40}, {"color": "blue", "source": 15, "target": 264, "value": 40}, {"color": "blue", "source": 16, "target": 56, "value": 40}, {"color": "blue", "source": 16, "target": 210, "value": 40}, {"color": "blue", "source": 16, "target": 357, "value": 40}, {"color": "blue", "source": 16, "target": 386, "value": 40}, {"color": "blue", "source": 17, "target": 59, "value": 40}, {"color": "blue", "source": 17, "target": 334, "value": 40}, {"color": "blue", "source": 18, "target": 46, "value": 40}, {"color": "blue", "source": 19, "target": 118, "value": 40}, {"color": "blue", "source": 20, "target": 103, "value": 40}, {"color": "blue", "source": 20, "target": 116, "value": 40}, {"color": "blue", "source": 20, "target": 276, "value": 40}, {"color": "blue", "source": 21, "target": 91, "value": 40}, {"color": "blue", "source": 21, "target": 310, "value": 40}, {"color": "blue", "source": 21, "target": 367, "value": 40}, {"color": "blue", "source": 21, "target": 378, "value": 40}, {"color": "blue", "source": 22, "target": 104, "value": 40}, {"color": "blue", "source": 22, "target": 147, "value": 40}, {"color": "blue", "source": 22, "target": 235, "value": 40}, {"color": "blue", "source": 23, "target": 49, "value": 40}, {"color": "blue", "source": 23, "target": 97, "value": 40}, {"color": "blue", "source": 23, "target": 120, "value": 40}, {"color": "blue", "source": 23, "target": 226, "value": 40}, {"color": "blue", "source": 23, "target": 312, "value": 40}, {"color": "blue", "source": 23, "target": 315, "value": 40}, {"color": "blue", "source": 23, "target": 406, "value": 40}, {"color": "blue", "source": 24, "target": 57, "value": 40}, {"color": "blue", "source": 24, "target": 66, "value": 40}, {"color": "blue", "source": 24, "target": 141, "value": 40}, {"color": "blue", "source": 25, "target": 35, "value": 40}, {"color": "blue", "source": 25, "target": 198, "value": 40}, {"color": "blue", "source": 26, "target": 54, "value": 40}, {"color": "blue", "source": 26, "target": 158, "value": 40}, {"color": "blue", "source": 26, "target": 332, "value": 40}, {"color": "blue", "source": 26, "target": 346, "value": 40}, {"color": "blue", "source": 27, "target": 380, "value": 40}, {"color": "blue", "source": 28, "target": 347, "value": 40}, {"color": "blue", "source": 29, "target": 320, "value": 40}, {"color": "blue", "source": 30, "target": 70, "value": 40}, {"color": "blue", "source": 30, "target": 261, "value": 40}, {"color": "blue", "source": 31, "target": 95, "value": 40}, {"color": "blue", "source": 31, "target": 197, "value": 40}, {"color": "blue", "source": 31, "target": 395, "value": 40}, {"color": "blue", "source": 32, "target": 109, "value": 40}, {"color": "blue", "source": 33, "target": 234, "value": 40}, {"color": "blue", "source": 33, "target": 295, "value": 40}, {"color": "blue", "source": 35, "target": 198, "value": 40}, {"color": "blue", "source": 36, "target": 38, "value": 40}, {"color": "blue", "source": 37, "target": 179, "value": 40}, {"color": "blue", "source": 37, "target": 348, "value": 40}, {"color": "blue", "source": 39, "target": 127, "value": 40}, {"color": "blue", "source": 42, "target": 124, "value": 40}, {"color": "blue", "source": 42, "target": 156, "value": 40}, {"color": "blue", "source": 42, "target": 166, "value": 40}, {"color": "blue", "source": 42, "target": 272, "value": 40}, {"color": "blue", "source": 42, "target": 374, "value": 40}, {"color": "blue", "source": 43, "target": 326, "value": 40}, {"color": "blue", "source": 44, "target": 212, "value": 40}, {"color": "blue", "source": 45, "target": 138, "value": 40}, {"color": "blue", "source": 45, "target": 199, "value": 40}, {"color": "blue", "source": 45, "target": 215, "value": 40}, {"color": "blue", "source": 45, "target": 308, "value": 40}, {"color": "blue", "source": 45, "target": 309, "value": 40}, {"color": "blue", "source": 45, "target": 375, "value": 40}, {"color": "blue", "source": 49, "target": 97, "value": 40}, {"color": "blue", "source": 49, "target": 120, "value": 40}, {"color": "blue", "source": 49, "target": 226, "value": 40}, {"color": "blue", "source": 49, "target": 312, "value": 40}, {"color": "blue", "source": 49, "target": 315, "value": 40}, {"color": "blue", "source": 49, "target": 406, "value": 40}, {"color": "blue", "source": 50, "target": 377, "value": 40}, {"color": "blue", "source": 51, "target": 73, "value": 40}, {"color": "blue", "source": 51, "target": 110, "value": 40}, {"color": "blue", "source": 51, "target": 244, "value": 40}, {"color": "blue", "source": 52, "target": 258, "value": 40}, {"color": "blue", "source": 53, "target": 200, "value": 40}, {"color": "blue", "source": 54, "target": 158, "value": 40}, {"color": "blue", "source": 54, "target": 332, "value": 40}, {"color": "blue", "source": 54, "target": 346, "value": 40}, {"color": "blue", "source": 55, "target": 292, "value": 40}, {"color": "blue", "source": 55, "target": 351, "value": 40}, {"color": "blue", "source": 56, "target": 210, "value": 40}, {"color": "blue", "source": 56, "target": 357, "value": 40}, {"color": "blue", "source": 56, "target": 386, "value": 40}, {"color": "blue", "source": 57, "target": 66, "value": 40}, {"color": "blue", "source": 57, "target": 141, "value": 40}, {"color": "blue", "source": 59, "target": 334, "value": 40}, {"color": "blue", "source": 60, "target": 88, "value": 40}, {"color": "blue", "source": 61, "target": 125, "value": 40}, {"color": "blue", "source": 65, "target": 300, "value": 40}, {"color": "blue", "source": 66, "target": 141, "value": 40}, {"color": "blue", "source": 67, "target": 248, "value": 40}, {"color": "blue", "source": 68, "target": 89, "value": 40}, {"color": "blue", "source": 68, "target": 105, "value": 40}, {"color": "blue", "source": 68, "target": 157, "value": 40}, {"color": "blue", "source": 68, "target": 188, "value": 40}, {"color": "blue", "source": 69, "target": 249, "value": 40}, {"color": "blue", "source": 70, "target": 261, "value": 40}, {"color": "blue", "source": 71, "target": 328, "value": 40}, {"color": "blue", "source": 72, "target": 350, "value": 40}, {"color": "blue", "source": 73, "target": 110, "value": 40}, {"color": "blue", "source": 73, "target": 244, "value": 40}, {"color": "blue", "source": 74, "target": 228, "value": 40}, {"color": "blue", "source": 76, "target": 368, "value": 40}, {"color": "blue", "source": 79, "target": 115, "value": 40}, {"color": "blue", "source": 79, "target": 225, "value": 40}, {"color": "blue", "source": 79, "target": 313, "value": 40}, {"color": "blue", "source": 79, "target": 393, "value": 40}, {"color": "blue", "source": 80, "target": 288, "value": 40}, {"color": "blue", "source": 80, "target": 360, "value": 40}, {"color": "blue", "source": 80, "target": 379, "value": 40}, {"color": "blue", "source": 81, "target": 126, "value": 40}, {"color": "blue", "source": 81, "target": 167, "value": 40}, {"color": "blue", "source": 82, "target": 100, "value": 40}, {"color": "blue", "source": 82, "target": 155, "value": 40}, {"color": "blue", "source": 82, "target": 209, "value": 40}, {"color": "blue", "source": 82, "target": 277, "value": 40}, {"color": "blue", "source": 82, "target": 302, "value": 40}, {"color": "blue", "source": 82, "target": 419, "value": 40}, {"color": "blue", "source": 83, "target": 325, "value": 40}, {"color": "blue", "source": 84, "target": 409, "value": 40}, {"color": "blue", "source": 85, "target": 176, "value": 40}, {"color": "blue", "source": 85, "target": 268, "value": 40}, {"color": "blue", "source": 86, "target": 122, "value": 40}, {"color": "blue", "source": 86, "target": 321, "value": 40}, {"color": "blue", "source": 87, "target": 322, "value": 40}, {"color": "blue", "source": 87, "target": 373, "value": 40}, {"color": "blue", "source": 89, "target": 105, "value": 40}, {"color": "blue", "source": 89, "target": 157, "value": 40}, {"color": "blue", "source": 89, "target": 188, "value": 40}, {"color": "blue", "source": 90, "target": 159, "value": 40}, {"color": "blue", "source": 90, "target": 173, "value": 40}, {"color": "blue", "source": 91, "target": 310, "value": 40}, {"color": "blue", "source": 91, "target": 367, "value": 40}, {"color": "blue", "source": 91, "target": 378, "value": 40}, {"color": "blue", "source": 92, "target": 135, "value": 40}, {"color": "blue", "source": 92, "target": 306, "value": 40}, {"color": "blue", "source": 92, "target": 330, "value": 40}, {"color": "blue", "source": 92, "target": 416, "value": 40}, {"color": "blue", "source": 94, "target": 193, "value": 40}, {"color": "blue", "source": 94, "target": 263, "value": 40}, {"color": "blue", "source": 94, "target": 333, "value": 40}, {"color": "blue", "source": 94, "target": 365, "value": 40}, {"color": "blue", "source": 95, "target": 197, "value": 40}, {"color": "blue", "source": 95, "target": 395, "value": 40}, {"color": "blue", "source": 96, "target": 140, "value": 40}, {"color": "blue", "source": 97, "target": 120, "value": 40}, {"color": "blue", "source": 97, "target": 226, "value": 40}, {"color": "blue", "source": 97, "target": 312, "value": 40}, {"color": "blue", "source": 97, "target": 315, "value": 40}, {"color": "blue", "source": 97, "target": 406, "value": 40}, {"color": "blue", "source": 100, "target": 155, "value": 40}, {"color": "blue", "source": 100, "target": 209, "value": 40}, {"color": "blue", "source": 100, "target": 277, "value": 40}, {"color": "blue", "source": 100, "target": 302, "value": 40}, {"color": "blue", "source": 100, "target": 419, "value": 40}, {"color": "blue", "source": 103, "target": 116, "value": 40}, {"color": "blue", "source": 103, "target": 276, "value": 40}, {"color": "blue", "source": 104, "target": 147, "value": 40}, {"color": "blue", "source": 104, "target": 235, "value": 40}, {"color": "blue", "source": 105, "target": 157, "value": 40}, {"color": "blue", "source": 105, "target": 188, "value": 40}, {"color": "blue", "source": 107, "target": 336, "value": 40}, {"color": "blue", "source": 110, "target": 244, "value": 40}, {"color": "blue", "source": 111, "target": 364, "value": 40}, {"color": "blue", "source": 111, "target": 392, "value": 40}, {"color": "blue", "source": 111, "target": 397, "value": 40}, {"color": "blue", "source": 112, "target": 217, "value": 40}, {"color": "blue", "source": 112, "target": 229, "value": 40}, {"color": "blue", "source": 112, "target": 366, "value": 40}, {"color": "blue", "source": 114, "target": 275, "value": 40}, {"color": "blue", "source": 114, "target": 304, "value": 40}, {"color": "blue", "source": 115, "target": 225, "value": 40}, {"color": "blue", "source": 115, "target": 313, "value": 40}, {"color": "blue", "source": 115, "target": 393, "value": 40}, {"color": "blue", "source": 116, "target": 276, "value": 40}, {"color": "blue", "source": 117, "target": 247, "value": 40}, {"color": "blue", "source": 119, "target": 299, "value": 40}, {"color": "blue", "source": 120, "target": 226, "value": 40}, {"color": "blue", "source": 120, "target": 312, "value": 40}, {"color": "blue", "source": 120, "target": 315, "value": 40}, {"color": "blue", "source": 120, "target": 406, "value": 40}, {"color": "blue", "source": 121, "target": 316, "value": 40}, {"color": "blue", "source": 122, "target": 321, "value": 40}, {"color": "blue", "source": 123, "target": 246, "value": 40}, {"color": "blue", "source": 124, "target": 156, "value": 40}, {"color": "blue", "source": 124, "target": 166, "value": 40}, {"color": "blue", "source": 124, "target": 272, "value": 40}, {"color": "blue", "source": 124, "target": 374, "value": 40}, {"color": "blue", "source": 126, "target": 167, "value": 40}, {"color": "blue", "source": 128, "target": 256, "value": 40}, {"color": "blue", "source": 128, "target": 342, "value": 40}, {"color": "blue", "source": 128, "target": 354, "value": 40}, {"color": "blue", "source": 128, "target": 370, "value": 40}, {"color": "blue", "source": 130, "target": 341, "value": 40}, {"color": "blue", "source": 131, "target": 218, "value": 40}, {"color": "blue", "source": 132, "target": 175, "value": 40}, {"color": "blue", "source": 132, "target": 389, "value": 40}, {"color": "blue", "source": 133, "target": 407, "value": 40}, {"color": "blue", "source": 135, "target": 306, "value": 40}, {"color": "blue", "source": 135, "target": 330, "value": 40}, {"color": "blue", "source": 135, "target": 416, "value": 40}, {"color": "blue", "source": 136, "target": 148, "value": 40}, {"color": "blue", "source": 138, "target": 199, "value": 40}, {"color": "blue", "source": 138, "target": 215, "value": 40}, {"color": "blue", "source": 138, "target": 308, "value": 40}, {"color": "blue", "source": 138, "target": 309, "value": 40}, {"color": "blue", "source": 138, "target": 375, "value": 40}, {"color": "blue", "source": 139, "target": 237, "value": 40}, {"color": "blue", "source": 142, "target": 160, "value": 40}, {"color": "blue", "source": 142, "target": 281, "value": 40}, {"color": "blue", "source": 144, "target": 238, "value": 40}, {"color": "blue", "source": 144, "target": 242, "value": 40}, {"color": "blue", "source": 145, "target": 187, "value": 40}, {"color": "blue", "source": 145, "target": 418, "value": 40}, {"color": "blue", "source": 147, "target": 235, "value": 40}, {"color": "blue", "source": 149, "target": 257, "value": 40}, {"color": "blue", "source": 150, "target": 223, "value": 40}, {"color": "blue", "source": 150, "target": 269, "value": 40}, {"color": "blue", "source": 151, "target": 232, "value": 40}, {"color": "blue", "source": 153, "target": 337, "value": 40}, {"color": "blue", "source": 155, "target": 209, "value": 40}, {"color": "blue", "source": 155, "target": 277, "value": 40}, {"color": "blue", "source": 155, "target": 302, "value": 40}, {"color": "blue", "source": 155, "target": 419, "value": 40}, {"color": "blue", "source": 156, "target": 166, "value": 40}, {"color": "blue", "source": 156, "target": 272, "value": 40}, {"color": "blue", "source": 156, "target": 374, "value": 40}, {"color": "blue", "source": 157, "target": 188, "value": 40}, {"color": "blue", "source": 158, "target": 332, "value": 40}, {"color": "blue", "source": 158, "target": 346, "value": 40}, {"color": "blue", "source": 159, "target": 173, "value": 40}, {"color": "blue", "source": 160, "target": 281, "value": 40}, {"color": "blue", "source": 161, "target": 162, "value": 40}, {"color": "blue", "source": 161, "target": 207, "value": 40}, {"color": "blue", "source": 161, "target": 411, "value": 40}, {"color": "blue", "source": 162, "target": 207, "value": 40}, {"color": "blue", "source": 162, "target": 411, "value": 40}, {"color": "blue", "source": 163, "target": 222, "value": 40}, {"color": "blue", "source": 163, "target": 424, "value": 40}, {"color": "blue", "source": 166, "target": 272, "value": 40}, {"color": "blue", "source": 166, "target": 374, "value": 40}, {"color": "blue", "source": 168, "target": 171, "value": 40}, {"color": "blue", "source": 170, "target": 213, "value": 40}, {"color": "blue", "source": 170, "target": 251, "value": 40}, {"color": "blue", "source": 172, "target": 344, "value": 40}, {"color": "blue", "source": 172, "target": 401, "value": 40}, {"color": "blue", "source": 175, "target": 389, "value": 40}, {"color": "blue", "source": 176, "target": 268, "value": 40}, {"color": "blue", "source": 177, "target": 296, "value": 40}, {"color": "blue", "source": 179, "target": 348, "value": 40}, {"color": "blue", "source": 182, "target": 196, "value": 40}, {"color": "blue", "source": 183, "target": 260, "value": 40}, {"color": "blue", "source": 183, "target": 279, "value": 40}, {"color": "blue", "source": 183, "target": 285, "value": 40}, {"color": "blue", "source": 183, "target": 369, "value": 40}, {"color": "blue", "source": 187, "target": 418, "value": 40}, {"color": "blue", "source": 190, "target": 297, "value": 40}, {"color": "blue", "source": 191, "target": 390, "value": 40}, {"color": "blue", "source": 191, "target": 394, "value": 40}, {"color": "blue", "source": 193, "target": 263, "value": 40}, {"color": "blue", "source": 193, "target": 333, "value": 40}, {"color": "blue", "source": 193, "target": 365, "value": 40}, {"color": "blue", "source": 195, "target": 254, "value": 40}, {"color": "blue", "source": 195, "target": 301, "value": 40}, {"color": "blue", "source": 195, "target": 425, "value": 40}, {"color": "blue", "source": 197, "target": 395, "value": 40}, {"color": "blue", "source": 199, "target": 215, "value": 40}, {"color": "blue", "source": 199, "target": 308, "value": 40}, {"color": "blue", "source": 199, "target": 309, "value": 40}, {"color": "blue", "source": 199, "target": 375, "value": 40}, {"color": "blue", "source": 204, "target": 290, "value": 40}, {"color": "blue", "source": 207, "target": 411, "value": 40}, {"color": "blue", "source": 208, "target": 349, "value": 40}, {"color": "blue", "source": 209, "target": 277, "value": 40}, {"color": "blue", "source": 209, "target": 302, "value": 40}, {"color": "blue", "source": 209, "target": 419, "value": 40}, {"color": "blue", "source": 210, "target": 357, "value": 40}, {"color": "blue", "source": 210, "target": 386, "value": 40}, {"color": "blue", "source": 213, "target": 251, "value": 40}, {"color": "blue", "source": 215, "target": 308, "value": 40}, {"color": "blue", "source": 215, "target": 309, "value": 40}, {"color": "blue", "source": 215, "target": 375, "value": 40}, {"color": "blue", "source": 216, "target": 303, "value": 40}, {"color": "blue", "source": 216, "target": 410, "value": 40}, {"color": "blue", "source": 217, "target": 229, "value": 40}, {"color": "blue", "source": 217, "target": 366, "value": 40}, {"color": "blue", "source": 219, "target": 294, "value": 40}, {"color": "blue", "source": 220, "target": 362, "value": 40}, {"color": "blue", "source": 221, "target": 331, "value": 40}, {"color": "blue", "source": 222, "target": 424, "value": 40}, {"color": "blue", "source": 223, "target": 269, "value": 40}, {"color": "blue", "source": 225, "target": 313, "value": 40}, {"color": "blue", "source": 225, "target": 393, "value": 40}, {"color": "blue", "source": 226, "target": 312, "value": 40}, {"color": "blue", "source": 226, "target": 315, "value": 40}, {"color": "blue", "source": 226, "target": 406, "value": 40}, {"color": "blue", "source": 227, "target": 264, "value": 40}, {"color": "blue", "source": 229, "target": 366, "value": 40}, {"color": "blue", "source": 234, "target": 295, "value": 40}, {"color": "blue", "source": 236, "target": 399, "value": 40}, {"color": "blue", "source": 238, "target": 242, "value": 40}, {"color": "blue", "source": 250, "target": 259, "value": 40}, {"color": "blue", "source": 250, "target": 311, "value": 40}, {"color": "blue", "source": 252, "target": 271, "value": 40}, {"color": "blue", "source": 253, "target": 273, "value": 40}, {"color": "blue", "source": 254, "target": 301, "value": 40}, {"color": "blue", "source": 254, "target": 425, "value": 40}, {"color": "blue", "source": 255, "target": 420, "value": 40}, {"color": "blue", "source": 256, "target": 342, "value": 40}, {"color": "blue", "source": 256, "target": 354, "value": 40}, {"color": "blue", "source": 256, "target": 370, "value": 40}, {"color": "blue", "source": 259, "target": 311, "value": 40}, {"color": "blue", "source": 260, "target": 279, "value": 40}, {"color": "blue", "source": 260, "target": 285, "value": 40}, {"color": "blue", "source": 260, "target": 369, "value": 40}, {"color": "blue", "source": 263, "target": 333, "value": 40}, {"color": "blue", "source": 263, "target": 365, "value": 40}, {"color": "blue", "source": 265, "target": 415, "value": 40}, {"color": "blue", "source": 267, "target": 307, "value": 40}, {"color": "blue", "source": 272, "target": 374, "value": 40}, {"color": "blue", "source": 274, "target": 343, "value": 40}, {"color": "blue", "source": 275, "target": 304, "value": 40}, {"color": "blue", "source": 277, "target": 302, "value": 40}, {"color": "blue", "source": 277, "target": 419, "value": 40}, {"color": "blue", "source": 279, "target": 285, "value": 40}, {"color": "blue", "source": 279, "target": 369, "value": 40}, {"color": "blue", "source": 285, "target": 369, "value": 40}, {"color": "blue", "source": 286, "target": 398, "value": 40}, {"color": "blue", "source": 288, "target": 360, "value": 40}, {"color": "blue", "source": 288, "target": 379, "value": 40}, {"color": "blue", "source": 292, "target": 351, "value": 40}, {"color": "blue", "source": 298, "target": 359, "value": 40}, {"color": "blue", "source": 298, "target": 426, "value": 40}, {"color": "blue", "source": 301, "target": 425, "value": 40}, {"color": "blue", "source": 302, "target": 419, "value": 40}, {"color": "blue", "source": 303, "target": 410, "value": 40}, {"color": "blue", "source": 306, "target": 330, "value": 40}, {"color": "blue", "source": 306, "target": 416, "value": 40}, {"color": "blue", "source": 308, "target": 309, "value": 40}, {"color": "blue", "source": 308, "target": 375, "value": 40}, {"color": "blue", "source": 309, "target": 375, "value": 40}, {"color": "blue", "source": 310, "target": 367, "value": 40}, {"color": "blue", "source": 310, "target": 378, "value": 40}, {"color": "blue", "source": 312, "target": 315, "value": 40}, {"color": "blue", "source": 312, "target": 406, "value": 40}, {"color": "blue", "source": 313, "target": 393, "value": 40}, {"color": "blue", "source": 315, "target": 406, "value": 40}, {"color": "blue", "source": 317, "target": 422, "value": 40}, {"color": "blue", "source": 322, "target": 373, "value": 40}, {"color": "blue", "source": 324, "target": 376, "value": 40}, {"color": "blue", "source": 330, "target": 416, "value": 40}, {"color": "blue", "source": 332, "target": 346, "value": 40}, {"color": "blue", "source": 333, "target": 365, "value": 40}, {"color": "blue", "source": 335, "target": 355, "value": 40}, {"color": "blue", "source": 342, "target": 354, "value": 40}, {"color": "blue", "source": 342, "target": 370, "value": 40}, {"color": "blue", "source": 344, "target": 401, "value": 40}, {"color": "blue", "source": 354, "target": 370, "value": 40}, {"color": "blue", "source": 356, "target": 361, "value": 40}, {"color": "blue", "source": 356, "target": 381, "value": 40}, {"color": "blue", "source": 357, "target": 386, "value": 40}, {"color": "blue", "source": 359, "target": 426, "value": 40}, {"color": "blue", "source": 360, "target": 379, "value": 40}, {"color": "blue", "source": 361, "target": 381, "value": 40}, {"color": "blue", "source": 364, "target": 392, "value": 40}, {"color": "blue", "source": 364, "target": 397, "value": 40}, {"color": "blue", "source": 367, "target": 378, "value": 40}, {"color": "blue", "source": 382, "target": 412, "value": 40}, {"color": "blue", "source": 387, "target": 391, "value": 40}, {"color": "blue", "source": 390, "target": 394, "value": 40}, {"color": "blue", "source": 392, "target": 397, "value": 40}, {"color": "blue", "source": 403, "target": 405, "value": 40}]